{"cameraMode":{"drawMode":0,"name":"Shaded","section":"Shading Mode"},"sceneLighting":true,"audioPlay":false,"sceneViewState":{"showFog":true,"showMaterialUpdate":false,"showSkybox":true,"showFlares":true,"showImageEffects":true,"showParticleSystems":true},"in2DMode":false,"pivot":{"x":6.624357223510742,"y":2.8729913234710695,"z":5.959951400756836},"rotation":{"x":0.03430810570716858,"y":-0.9152734875679016,"z":0.07983031868934632,"w":0.3933510482311249},"size":4.287435054779053,"orthographic":true}