{"cameraMode":{"drawMode":0,"name":"Shaded","section":"Shading Mode"},"sceneLighting":true,"audioPlay":false,"sceneViewState":{"showFog":true,"showMaterialUpdate":false,"showSkybox":true,"showFlares":true,"showImageEffects":true,"showParticleSystems":true},"in2DMode":false,"pivot":{"x":4.645756721496582,"y":0.7409399747848511,"z":2.4482421875},"rotation":{"x":0.27609550952911379,"y":0.22511759400367738,"z":-0.0666879266500473,"w":0.9320117235183716},"size":4.926980018615723,"orthographic":true}