{"cameraMode":{"drawMode":0,"name":"Shaded","section":"Shading Mode"},"sceneLighting":true,"audioPlay":false,"sceneViewState":{"showFog":true,"showMaterialUpdate":false,"showSkybox":true,"showFlares":true,"showImageEffects":true,"showParticleSystems":true},"in2DMode":false,"pivot":{"x":0.9692595601081848,"y":0.9941126704216003,"z":1.3379549980163575},"rotation":{"x":0.3343605399131775,"y":-0.20274348556995393,"z":0.07389231026172638,"w":0.9174084663391113},"size":27.31367301940918,"orthographic":false}